{"cameraMode":{"drawMode":0,"name":"Shaded","section":"Shading Mode"},"sceneLighting":true,"audioPlay":false,"sceneViewState":{"showFog":true,"showMaterialUpdate":false,"showSkybox":true,"showFlares":true,"showImageEffects":true,"showParticleSystems":true},"in2DMode":false,"pivot":{"x":2.7233524322509767,"y":-1.137441635131836,"z":2.446450710296631},"rotation":{"x":-0.14219605922698975,"y":0.7315750122070313,"z":-0.16076375544071198,"w":-0.6470960378646851},"size":29.643461227416993,"orthographic":false}